Model,Precision,Recall,F1-Score
Naive Binary,0.8202165662094515,0.6247586619904035,0.694824646579945
Classifier Chain,0.8211614326421148,0.6400179525532743,0.706114662791954
MLkNN,0.7166077279143946,0.5779316171016751,0.625918775197107
Multilabel→Multiclass,0.9389721242982112,0.7223885695304011,0.8070502489989391
